A,Df,sigma,CS,PiAI,Roy,W
361.71909543180044,4.81032,1.0,76.57036460753955,1.8600088568633102,0.0,78.43037346440286
