A,Df,sigma,CS,PiAI,Roy,W
348.1526960492521,4.81032,0.9833736438921183,70.93447653185643,1.7231046930815346,0.0,72.65758122493797
